{
  "seed": 0,
  "setup": {
    "H_true": 1,
    "n_sources": 12,
    "n_events": 120,
    "t_change": 60,
    "W_window": 25,
    "q0": 0.65,
    "true_ps": [
      0.7,
      0.3,
      0.3,
      0.7,
      0.3,
      0.7,
      0.7,
      0.3,
      0.3,
      0.7,
      0.7,
      0.3
    ],
    "note": "true_ps includes adversarial sources with p<0.5; q0 wrongly assumes all sources are truthful"
  },
  "summary": {
    "event_sourced": {
      "p_final": 0.9975273768433653,
      "p_star_final": 0.9975273768433653,
      "mae_final": 0.0,
      "regret_final": 0.0,
      "acc_final": 1,
      "p_at_change": 0.9942495043793638,
      "p_star_at_change": 0.9942495043793638,
      "mae_at_change": 0.0
    },
    "snapshot_only": {
      "p_final": 0.9975273768433653,
      "p_star_final": 0.9975273768433653,
      "mae_final": 0.0,
      "regret_final": 0.0,
      "acc_final": 1,
      "p_at_change": 0.5964705882352942,
      "p_star_at_change": 0.9942495043793638,
      "mae_at_change": 0.39777891614406957
    },
    "windowed": {
      "p_final": 0.9975273768433653,
      "p_star_final": 0.9975273768433653,
      "mae_final": 0.0,
      "regret_final": 0.0,
      "acc_final": 1,
      "p_at_change": 0.9942495043793638,
      "p_star_at_change": 0.9942495043793638,
      "mae_at_change": 0.0
    }
  },
  "trajectory_sample": {
    "t": [
      0,
      5,
      10,
      15,
      20,
      25,
      30,
      35,
      40,
      45,
      50,
      55,
      60,
      65,
      70,
      75,
      80,
      85,
      90,
      95,
      100,
      105,
      110,
      115
    ],
    "ideal": [
      0.65,
      0.22477064220183487,
      0.35000000000000003,
      0.07754667011174983,
      0.35000000000000003,
      0.5000000000000001,
      0.65,
      0.9224533298882501,
      0.65,
      0.22477064220183487,
      0.35000000000000003,
      0.7752293577981652,
      0.9942495043793638,
      0.9975273768433653,
      0.9975273768433653,
      0.9975273768433653,
      0.9975273768433653,
      0.9975273768433653,
      0.9975273768433653,
      0.9694719739763394,
      0.9866842729254856,
      0.9975273768433653,
      0.9942495043793638,
      0.9942495043793638
    ],
    "event_sourced": [
      0.65,
      0.22477064220183487,
      0.35000000000000003,
      0.07754667011174983,
      0.35000000000000003,
      0.5000000000000001,
      0.65,
      0.9224533298882501,
      0.65,
      0.22477064220183487,
      0.35000000000000003,
      0.7752293577981652,
      0.9942495043793638,
      0.9975273768433653,
      0.9975273768433653,
      0.9975273768433653,
      0.9975273768433653,
      0.9975273768433653,
      0.9975273768433653,
      0.9694719739763394,
      0.9866842729254856,
      0.9975273768433653,
      0.9942495043793638,
      0.9942495043793638
    ],
    "snapshot_only": [
      0.65,
      0.22477064220183487,
      0.35000000000000003,
      0.07754667011174983,
      0.35000000000000003,
      0.5000000000000001,
      0.65,
      0.9224533298882501,
      0.65,
      0.22477064220183487,
      0.35000000000000003,
      0.7752293577981652,
      0.5964705882352942,
      0.949438202247191,
      0.9776859504132231,
      0.9975273768433653,
      0.9975273768433653,
      0.9975273768433653,
      0.9975273768433653,
      0.9694719739763394,
      0.9866842729254856,
      0.9975273768433653,
      0.9942495043793638,
      0.9942495043793638
    ],
    "windowed": [
      0.65,
      0.22477064220183487,
      0.35000000000000003,
      0.07754667011174983,
      0.35000000000000003,
      0.35000000000000003,
      0.8649606299212599,
      0.9566941509920125,
      0.9566941509920123,
      0.34999999999999987,
      0.34999999999999987,
      0.65,
      0.9942495043793638,
      0.9975273768433653,
      0.9975273768433653,
      0.9975273768433653,
      0.9975273768433653,
      0.9975273768433653,
      0.9975273768433653,
      0.9694719739763394,
      0.9866842729254856,
      0.9975273768433653,
      0.9942495043793638,
      0.9942495043793638
    ]
  }
}