{
  "seed": 0,
  "setup": {
    "H_true": 1,
    "n_sources": 12,
    "n_events": 600,
    "t_change": 300,
    "W_window": 80,
    "q0": 0.65,
    "true_ps": [
      0.853181761176121,
      0.718228632332338,
      0.6535667001171854,
      0.7545098885474435,
      0.7119736549801657,
      0.8635194356139091,
      0.6713250904315711,
      0.7406387816609423,
      0.7833528157820125,
      0.9132451540781341,
      0.7518747423269562,
      0.6627351377598816
    ],
    "mean_abs_weight_shift": 0.10651264956722169
  },
  "summary": {
    "event_sourced": {
      "p_final": 1.0,
      "p_star_final": 1.0,
      "mae_final": 0.0,
      "regret_final": 0.0,
      "acc_final": 1,
      "p_at_change": 1.0,
      "p_star_at_change": 1.0,
      "mae_at_change": 0.0
    },
    "snapshot_only": {
      "p_final": 1.0,
      "p_star_final": 1.0,
      "mae_final": 0.0,
      "regret_final": 0.0,
      "acc_final": 1,
      "p_at_change": 1.0,
      "p_star_at_change": 1.0,
      "mae_at_change": 0.0
    },
    "windowed": {
      "p_final": 1.0,
      "p_star_final": 1.0,
      "mae_final": 0.0,
      "regret_final": 0.0,
      "acc_final": 1,
      "p_at_change": 1.0,
      "p_star_at_change": 1.0,
      "mae_at_change": 0.0
    }
  },
  "trajectory_sample": {
    "t": [
      0,
      10,
      20,
      30,
      40,
      50,
      60,
      70,
      80,
      90,
      100,
      110,
      120,
      130,
      140,
      150,
      160,
      170,
      180,
      190,
      200,
      210,
      220,
      230,
      240,
      250,
      260,
      270,
      280,
      290,
      300,
      310,
      320,
      330,
      340,
      350,
      360,
      370,
      380,
      390,
      400,
      410,
      420,
      430,
      440,
      450,
      460,
      470,
      480,
      490,
      500,
      510,
      520,
      530,
      540,
      550,
      560,
      570,
      580,
      590
    ],
    "ideal": [
      0.65,
      0.8649606299212599,
      0.9870455196827034,
      0.9996802047324068,
      0.9999922028537523,
      0.9999993445228865,
      0.9999999953677146,
      0.9999999998870923,
      0.999999999999202,
      0.9999999999999329,
      0.9999999999997686,
      0.9999999999999984,
      0.9999999999999998,
      1.0,
      1.0,
      1.0,
      1.0,
      1.0,
      1.0,
      1.0,
      1.0,
      1.0,
      1.0,
      1.0,
      1.0,
      1.0,
      1.0,
      1.0,
      1.0,
      1.0,
      1.0,
      1.0,
      1.0,
      1.0,
      1.0,
      1.0,
      1.0,
      1.0,
      1.0,
      1.0,
      1.0,
      1.0,
      1.0,
      1.0,
      1.0,
      1.0,
      1.0,
      1.0,
      1.0,
      1.0,
      1.0,
      1.0,
      1.0,
      1.0,
      1.0,
      1.0,
      1.0,
      1.0,
      1.0,
      1.0
    ],
    "event_sourced": [
      0.65,
      0.8649606299212599,
      0.9870455196827034,
      0.9996802047324068,
      0.9999922028537523,
      0.9999993445228865,
      0.9999999953677146,
      0.9999999998870923,
      0.999999999999202,
      0.9999999999999329,
      0.9999999999997686,
      0.9999999999999984,
      0.9999999999999998,
      1.0,
      1.0,
      1.0,
      1.0,
      1.0,
      1.0,
      1.0,
      1.0,
      1.0,
      1.0,
      1.0,
      1.0,
      1.0,
      1.0,
      1.0,
      1.0,
      1.0,
      1.0,
      1.0,
      1.0,
      1.0,
      1.0,
      1.0,
      1.0,
      1.0,
      1.0,
      1.0,
      1.0,
      1.0,
      1.0,
      1.0,
      1.0,
      1.0,
      1.0,
      1.0,
      1.0,
      1.0,
      1.0,
      1.0,
      1.0,
      1.0,
      1.0,
      1.0,
      1.0,
      1.0,
      1.0,
      1.0
    ],
    "snapshot_only": [
      0.65,
      0.8649606299212599,
      0.9870455196827034,
      0.9996802047324068,
      0.9999922028537523,
      0.9999993445228865,
      0.9999999953677146,
      0.9999999998870923,
      0.999999999999202,
      0.9999999999999329,
      0.9999999999997686,
      0.9999999999999984,
      0.9999999999999998,
      1.0,
      1.0,
      1.0,
      1.0,
      1.0,
      1.0,
      1.0,
      1.0,
      1.0,
      1.0,
      1.0,
      1.0,
      1.0,
      1.0,
      1.0,
      1.0,
      1.0,
      1.0,
      1.0,
      1.0,
      1.0,
      1.0,
      1.0,
      1.0,
      1.0,
      1.0,
      1.0,
      1.0,
      1.0,
      1.0,
      1.0,
      1.0,
      1.0,
      1.0,
      1.0,
      1.0,
      1.0,
      1.0,
      1.0,
      1.0,
      1.0,
      1.0,
      1.0,
      1.0,
      1.0,
      1.0,
      1.0
    ],
    "windowed": [
      0.65,
      0.8649606299212599,
      0.9870455196827034,
      0.9996802047324068,
      0.9999922028537523,
      0.9999993445228865,
      0.9999999953677146,
      0.9999999998870923,
      0.9999999999985181,
      0.9999999999995703,
      0.9999999999823725,
      0.9999999999948892,
      0.9999999999823725,
      0.9999999999985181,
      0.9999999992767985,
      0.9999999997903144,
      0.9999999997903144,
      0.9999999999823725,
      0.9999999999999638,
      0.9999999999999896,
      0.9999999999999969,
      0.9999999999998754,
      0.9999999999999991,
      0.9999999999999638,
      0.9999999999985181,
      0.9999999999985181,
      0.9999999997903144,
      0.9999999913971841,
      0.9999999703290643,
      0.9999999913971841,
      1.0,
      1.0,
      1.0,
      0.9999999999999905,
      1.0,
      1.0,
      1.0,
      1.0,
      1.0,
      1.0,
      1.0,
      1.0,
      1.0,
      1.0,
      1.0,
      1.0,
      1.0,
      1.0,
      1.0,
      1.0,
      1.0,
      1.0,
      1.0,
      1.0,
      1.0,
      1.0,
      1.0,
      1.0,
      1.0,
      1.0
    ]
  }
}