{
  "meta": {
    "cs_slug": "complexity_classes",
    "theology_target": "belief revision",
    "seed": 0,
    "S": 8,
    "T": 40,
    "trials": 200,
    "timestamp_utc": "2026-02-27T10:18:56Z"
  },
  "configs": [
    {
      "K": 50,
      "M": 8,
      "final_true_mass": {
        "exact": {
          "mean": 0.9135847812346567,
          "median": 0.9977383609198008,
          "p25": 0.9622644349300576,
          "p75": 0.9998819830069815,
          "min": 0.008117355740615891,
          "max": 0.9999999993445474
        },
        "particle": {
          "mean": 0.18580958170391906,
          "median": 6.6092736381243516e-12,
          "p25": 1.0000000000000006e-12,
          "p75": 1.8634251565175236e-06,
          "min": 9.999999999981598e-13,
          "max": 0.9999999999510001
        },
        "greedy": {
          "mean": 0.0408819586056074,
          "median": 9.999999999580004e-13,
          "p25": 9.99999999958e-13,
          "p75": 9.99999999958001e-13,
          "min": 9.999999999579986e-13,
          "max": 0.4078709154973333
        },
        "regret_exact_minus_particle": {
          "mean": 0.7277751995307377,
          "median": 0.9856789048852587,
          "p25": 0.4864145362021107,
          "p75": 0.9995465547291609,
          "min": -0.3123228056575017,
          "max": 0.9999999818227246
        },
        "regret_exact_minus_greedy": {
          "mean": 0.8727028226290493,
          "median": 0.9907161468820469,
          "p25": 0.8172542612956618,
          "p75": 0.9997563029303336,
          "min": -0.1407810060700026,
          "max": 0.9999999818260317
        }
      },
      "accuracy": {
        "exact": 0.94,
        "particle": 0.185,
        "greedy": 0.08
      },
      "kl": {
        "exact_particle": {
          "mean": 19.004656859384443,
          "median": 25.236618462331375,
          "p25": 13.213551359238828,
          "p75": 27.526737318045846,
          "min": 9.718594748225042e-06,
          "max": 27.63101725452122
        },
        "exact_greedy": {
          "mean": 22.154913494672773,
          "median": 27.544762257518464,
          "p25": 24.553381289658212,
          "p75": 27.627158746952773,
          "min": 0.9520154783673622,
          "max": 27.63102072775732
        }
      },
      "instability_switches": {
        "exact": {
          "mean": 5.36,
          "median": 5.0,
          "p25": 3.0,
          "p75": 7.0,
          "min": 0,
          "max": 16
        },
        "particle": {
          "mean": 4.485,
          "median": 3.0,
          "p25": 2.0,
          "p75": 6.0,
          "min": 0,
          "max": 21
        },
        "greedy": {
          "mean": 37.605,
          "median": 38.0,
          "p25": 37.0,
          "p75": 39.0,
          "min": 30,
          "max": 39
        }
      }
    },
    {
      "K": 200,
      "M": 8,
      "final_true_mass": {
        "exact": {
          "mean": 0.8170568486999139,
          "median": 0.9535657659905608,
          "p25": 0.7302402134655765,
          "p75": 0.9919625243624606,
          "min": 0.0037733327952951114,
          "max": 0.9999838059926925
        },
        "particle": {
          "mean": 0.03000005958270562,
          "median": 1.0000000000000028e-12,
          "p25": 1.0000000000000008e-12,
          "p75": 1.0000000000000073e-12,
          "min": 9.999999999987865e-13,
          "max": 0.999999999800025
        },
        "greedy": {
          "mean": 0.00817164751655038,
          "median": 9.99999999808001e-13,
          "p25": 9.999999998079994e-13,
          "p75": 9.999999998080022e-13,
          "min": 9.999999998079913e-13,
          "max": 0.24224197847516935
        },
        "regret_exact_minus_particle": {
          "mean": 0.7870567891172082,
          "median": 0.9441649411619588,
          "p25": 0.6909992531588267,
          "p75": 0.9912231266690739,
          "min": -0.37878455002653055,
          "max": 0.9999838059916926
        },
        "regret_exact_minus_greedy": {
          "mean": 0.8088852011833635,
          "median": 0.9388696746621985,
          "p25": 0.7267309052651665,
          "p75": 0.990097051556701,
          "min": 0.0037733327942951114,
          "max": 0.9999838059916926
        }
      },
      "accuracy": {
        "exact": 0.885,
        "particle": 0.03,
        "greedy": 0.005
      },
      "kl": {
        "exact_particle": {
          "mean": 25.709282700786197,
          "median": 27.151191765996444,
          "p25": 26.432492873747954,
          "p75": 27.53775866844351,
          "min": 0.0037002127032692293,
          "max": 27.630821154557637
        },
        "exact_greedy": {
          "mean": 25.553692917974264,
          "median": 27.34106180177561,
          "p25": 26.76295718974798,
          "p75": 27.56275730150747,
          "min": 1.479021866394907,
          "max": 27.630822279050793
        }
      },
      "instability_switches": {
        "exact": {
          "mean": 8.115,
          "median": 8.0,
          "p25": 5.0,
          "p75": 11.0,
          "min": 0,
          "max": 20
        },
        "particle": {
          "mean": 4.41,
          "median": 4.0,
          "p25": 2.0,
          "p75": 6.75,
          "min": 0,
          "max": 16
        },
        "greedy": {
          "mean": 37.855,
          "median": 38.0,
          "p25": 37.0,
          "p75": 39.0,
          "min": 31,
          "max": 39
        }
      }
    },
    {
      "K": 800,
      "M": 8,
      "final_true_mass": {
        "exact": {
          "mean": 0.5540262183315151,
          "median": 0.5962159071601623,
          "p25": 0.24471459369789716,
          "p75": 0.8565313693613986,
          "min": 0.0006618733871475846,
          "max": 0.9990624346575058
        },
        "particle": {
          "mean": 0.03500000981875464,
          "median": 1.0000000000000131e-12,
          "p25": 1.0000000000000036e-12,
          "p75": 1.0000000000000248e-12,
          "min": 9.999999999988232e-13,
          "max": 0.9999999991957061
        },
        "greedy": {
          "mean": 0.003537909164088953,
          "median": 9.999999992080046e-13,
          "p25": 9.999999992079978e-13,
          "p75": 9.999999992080095e-13,
          "min": 9.999999992079721e-13,
          "max": 0.34446300707045163
        },
        "regret_exact_minus_particle": {
          "mean": 0.5190262085127605,
          "median": 0.583809486103277,
          "p25": 0.20557736672722957,
          "p75": 0.851966953197671,
          "min": -0.8996836559704366,
          "max": 0.9990624346565058
        },
        "regret_exact_minus_greedy": {
          "mean": 0.5504883091674262,
          "median": 0.5895277763171929,
          "p25": 0.24471459369689713,
          "p75": 0.851966953197671,
          "min": -0.19442959840945523,
          "max": 0.9990624346565058
        }
      },
      "accuracy": {
        "exact": 0.675,
        "particle": 0.035,
        "greedy": 0.01
      },
      "kl": {
        "exact_particle": {
          "mean": 25.90231810999486,
          "median": 26.639189722995855,
          "p25": 25.997748747496406,
          "p75": 27.04900778226046,
          "min": 2.5165415924984513,
          "max": 27.622028499186992
        },
        "exact_greedy": {
          "mean": 26.29986544881681,
          "median": 26.71034640165525,
          "p25": 26.192133777271966,
          "p75": 27.113487608614044,
          "min": 4.2633836479017075,
          "max": 27.622028499099052
        }
      },
      "instability_switches": {
        "exact": {
          "mean": 11.475,
          "median": 11.0,
          "p25": 8.0,
          "p75": 15.0,
          "min": 1,
          "max": 23
        },
        "particle": {
          "mean": 4.49,
          "median": 3.0,
          "p25": 2.0,
          "p75": 7.0,
          "min": 0,
          "max": 17
        },
        "greedy": {
          "mean": 38.12,
          "median": 38.0,
          "p25": 38.0,